<metadata xml:lang="en"><Esri><CreaDate>20180126</CreaDate><CreaTime>00040900</CreaTime><ArcGISFormat>1.0</ArcGISFormat><SyncOnce>FALSE</SyncOnce><DataProperties><lineage><Process ToolSource="c:\program files (x86)\arcgis\desktop10.5\ArcToolbox\Toolboxes\Data Management Tools.tbx\CopyFeatures" Date="20180126" Time="000409">CopyFeatures C:\Hgis\Hgis_Berechnungen\HGISdelasIndias.gdb\qtniveles C:\Hgis\Hgis_Berechnungen\HGISdelasIndias.gdb\qtnivexp # 0 0 0</Process><Process ToolSource="c:\program files (x86)\arcgis\desktop10.5\ArcToolbox\Toolboxes\Data Management Tools.tbx\Dissolve" Date="20180126" Time="001811">Dissolve C:\Hgis\Hgis_Berechnungen\HGISdelasIndias.gdb\qtnivexp C:\Hgis\Hgis_Berechnungen\HGISdelasIndias.gdb\Niveles Niv_Tipo;Niv_Label;Niv_Nombre;Niv_Variantes;Niv_Entidad_ID;Niv_Cabecera;Niv_Cabecera_ID;Niv_START;Niv_END;Niv_Nivel;Niv_Cabecera_START;Niv_Cabecera_END;Niv_AbrA;Niv_AbrB;Niv_Ent_identica;Niv_Wikilink;Niv_Wikilink_tipo;Niv_Wikilink_id # MULTI_PART DISSOLVE_LINES</Process><Process ToolSource="c:\program files (x86)\arcgis\desktop10.5\ArcToolbox\Toolboxes\Data Management Tools.tbx\AlterField" Date="20180126" Time="001812">AlterField C:\Hgis\Hgis_Berechnungen\HGISdelasIndias.gdb\Niveles Niv_Tipo Tipo Tipo TEXT 255 NON_NULLABLE false</Process><Process ToolSource="c:\program files (x86)\arcgis\desktop10.5\ArcToolbox\Toolboxes\Data Management Tools.tbx\AlterField" Date="20180126" Time="001812">AlterField C:\Hgis\Hgis_Berechnungen\HGISdelasIndias.gdb\Niveles Niv_Label Label Label TEXT 255 NON_NULLABLE false</Process><Process ToolSource="c:\program files (x86)\arcgis\desktop10.5\ArcToolbox\Toolboxes\Data Management Tools.tbx\AlterField" Date="20180126" Time="001813">AlterField C:\Hgis\Hgis_Berechnungen\HGISdelasIndias.gdb\Niveles Niv_Nombre Nombre Nombre TEXT 255 NON_NULLABLE false</Process><Process ToolSource="c:\program files (x86)\arcgis\desktop10.5\ArcToolbox\Toolboxes\Data Management Tools.tbx\AlterField" Date="20180126" Time="001813">AlterField C:\Hgis\Hgis_Berechnungen\HGISdelasIndias.gdb\Niveles Niv_Variantes Variantes Variantes TEXT 255 NON_NULLABLE false</Process><Process ToolSource="c:\program files (x86)\arcgis\desktop10.5\ArcToolbox\Toolboxes\Data Management Tools.tbx\AlterField" Date="20180126" Time="001814">AlterField C:\Hgis\Hgis_Berechnungen\HGISdelasIndias.gdb\Niveles Niv_Entidad_ID Entidad_ID Entidad_ID TEXT 255 NON_NULLABLE false</Process><Process ToolSource="c:\program files (x86)\arcgis\desktop10.5\ArcToolbox\Toolboxes\Data Management Tools.tbx\AlterField" Date="20180126" Time="001814">AlterField C:\Hgis\Hgis_Berechnungen\HGISdelasIndias.gdb\Niveles Niv_Wikilink Wikilink Wikilink TEXT 255 NON_NULLABLE false</Process><Process ToolSource="c:\program files (x86)\arcgis\desktop10.5\ArcToolbox\Toolboxes\Data Management Tools.tbx\AlterField" Date="20180126" Time="001815">AlterField C:\Hgis\Hgis_Berechnungen\HGISdelasIndias.gdb\Niveles Niv_Cabecera Cabecera Cabecera TEXT 255 NON_NULLABLE false</Process><Process ToolSource="c:\program files (x86)\arcgis\desktop10.5\ArcToolbox\Toolboxes\Data Management Tools.tbx\AlterField" Date="20180126" Time="001815">AlterField C:\Hgis\Hgis_Berechnungen\HGISdelasIndias.gdb\Niveles Niv_Cabecera_ID GZ_ID GZ_ID LONG 8 NON_NULLABLE false</Process><Process ToolSource="c:\program files (x86)\arcgis\desktop10.5\ArcToolbox\Toolboxes\Data Management Tools.tbx\AlterField" Date="20180126" Time="001816">AlterField C:\Hgis\Hgis_Berechnungen\HGISdelasIndias.gdb\Niveles Niv_START START_Territorio START_Territorio LONG 8 NON_NULLABLE false</Process><Process ToolSource="c:\program files (x86)\arcgis\desktop10.5\ArcToolbox\Toolboxes\Data Management Tools.tbx\AlterField" Date="20180126" Time="001816">AlterField C:\Hgis\Hgis_Berechnungen\HGISdelasIndias.gdb\Niveles Niv_END END_Territorio END_Territorio LONG 8 NON_NULLABLE false</Process><Process ToolSource="c:\program files (x86)\arcgis\desktop10.5\ArcToolbox\Toolboxes\Data Management Tools.tbx\AlterField" Date="20180126" Time="001817">AlterField C:\Hgis\Hgis_Berechnungen\HGISdelasIndias.gdb\Niveles Niv_Nivel Nivel Nivel TEXT 255 NON_NULLABLE false</Process><Process ToolSource="c:\program files (x86)\arcgis\desktop10.5\ArcToolbox\Toolboxes\Data Management Tools.tbx\AlterField" Date="20180126" Time="001817">AlterField C:\Hgis\Hgis_Berechnungen\HGISdelasIndias.gdb\Niveles Niv_AbrA AbrA AbrA TEXT 255 NON_NULLABLE false</Process><Process ToolSource="c:\program files (x86)\arcgis\desktop10.5\ArcToolbox\Toolboxes\Data Management Tools.tbx\AlterField" Date="20180126" Time="001818">AlterField C:\Hgis\Hgis_Berechnungen\HGISdelasIndias.gdb\Niveles Niv_AbrB AbrB AbrB TEXT 255 NON_NULLABLE false</Process><Process ToolSource="c:\program files (x86)\arcgis\desktop10.5\ArcToolbox\Toolboxes\Data Management Tools.tbx\AlterField" Date="20180126" Time="002031">AlterField C:\Hgis\Hgis_Berechnungen\HGISdelasIndias.gdb\Niveles Niv_Wikilink_tipo Wikilink_tipo Wikilink_tipo TEXT 255 NON_NULLABLE false</Process><Process ToolSource="c:\program files (x86)\arcgis\desktop10.5\ArcToolbox\Toolboxes\Data Management Tools.tbx\AlterField" Date="20180126" Time="002031">AlterField C:\Hgis\Hgis_Berechnungen\HGISdelasIndias.gdb\Niveles Niv_Wikilink_id Wikilink_id Wikilink_id TEXT 255 NON_NULLABLE false</Process><Process ToolSource="c:\program files (x86)\arcgis\desktop10.5\ArcToolbox\Toolboxes\Analysis Tools.tbx\Select" Date="20180126" Time="002044">Select Niveles_Layer C:\Hgis\Hgis_Berechnungen\HGISdelasIndias.gdb\Intendencia_select "Nivel = 'Intendencia'"</Process><Process ToolSource="c:\program files (x86)\arcgis\desktop10.5\ArcToolbox\Toolboxes\Data Management Tools.tbx\AddField" Date="20180126" Time="002044">AddField C:\Hgis\Hgis_Berechnungen\HGISdelasIndias.gdb\Intendencia_select year LONG # # # # NULLABLE NON_REQUIRED #</Process><Process ToolSource="c:\program files (x86)\arcgis\desktop10.5\ArcToolbox\Toolboxes\Analysis Tools.tbx\Select" Date="20180126" Time="011129">Select Intendencia_select_Layer_1800 C:\Hgis\Hgis_Berechnungen\Nivels_dissolve_temp.gdb\Intendencia_1800 "START_Territorio &lt;= 1800 AND END_Territorio &gt;= 1800"</Process><Process ToolSource="c:\program files (x86)\arcgis\desktop10.5\ArcToolbox\Toolboxes\Data Management Tools.tbx\CalculateField" Date="20180126" Time="011130">CalculateField C:\Hgis\Hgis_Berechnungen\Nivels_dissolve_temp.gdb\Intendencia_1800 year 1800 PYTHON_9.3 #</Process><Process ToolSource="c:\program files (x86)\arcgis\desktop10.5\ArcToolbox\Toolboxes\Data Management Tools.tbx\Dissolve" Date="20180126" Time="011132">Dissolve C:\Hgis\Hgis_Berechnungen\Nivels_dissolve_temp.gdb\Intendencia_1800 C:\Hgis\Hgis_Berechnungen\Nivels_dissolve_temp.gdb\Intendencia_Dissolve_1800 Tipo;Label;Nombre;Variantes;Entidad_ID;Cabecera;GZ_ID;Nivel;AbrA;AbrB;Niv_Ent_identica;Wikilink;Wikilink_tipo;Wikilink_id;year # MULTI_PART DISSOLVE_LINES</Process><Process ToolSource="c:\program files (x86)\arcgis\desktop10.5\ArcToolbox\Toolboxes\Data Management Tools.tbx\CopyFeatures" Date="20180126" Time="041759">CopyFeatures C:\Hgis\Hgis_Berechnungen\Nivels_dissolve_temp.gdb\Intendencia_Dissolve_1800 C:\Hgis\shapes_test\Intendencia_Dissolve_1800.shp # 0 0 0</Process></lineage><itemProps><itemName Sync="TRUE">Intendencia_Dissolve_1800</itemName><imsContentType Sync="TRUE">002</imsContentType><itemLocation><linkage Sync="TRUE">file://\\VMI138482\C$\Hgis\shapes_test\Intendencia_Dissolve_1800.shp</linkage><protocol Sync="TRUE">Local Area Network</protocol></itemLocation><itemSize Sync="TRUE">0.000</itemSize></itemProps><coordRef><type Sync="TRUE">Geographic</type><geogcsn Sync="TRUE">GCS_WGS_1984</geogcsn><csUnits Sync="TRUE">Angular Unit: Degree (0.017453)</csUnits><peXml Sync="TRUE">&lt;GeographicCoordinateSystem xsi:type='typens:GeographicCoordinateSystem' xmlns:xsi='http://www.w3.org/2001/XMLSchema-instance' xmlns:xs='http://www.w3.org/2001/XMLSchema' xmlns:typens='http://www.esri.com/schemas/ArcGIS/10.5'&gt;&lt;WKT&gt;GEOGCS[&amp;quot;GCS_WGS_1984&amp;quot;,DATUM[&amp;quot;D_WGS_1984&amp;quot;,SPHEROID[&amp;quot;WGS_1984&amp;quot;,6378137.0,298.257223563]],PRIMEM[&amp;quot;Greenwich&amp;quot;,0.0],UNIT[&amp;quot;Degree&amp;quot;,0.0174532925199433],AUTHORITY[&amp;quot;EPSG&amp;quot;,4326]]&lt;/WKT&gt;&lt;XOrigin&gt;-400&lt;/XOrigin&gt;&lt;YOrigin&gt;-400&lt;/YOrigin&gt;&lt;XYScale&gt;11258999068426.238&lt;/XYScale&gt;&lt;ZOrigin&gt;-100000&lt;/ZOrigin&gt;&lt;ZScale&gt;10000&lt;/ZScale&gt;&lt;MOrigin&gt;-100000&lt;/MOrigin&gt;&lt;MScale&gt;10000&lt;/MScale&gt;&lt;XYTolerance&gt;8.983152841195215e-009&lt;/XYTolerance&gt;&lt;ZTolerance&gt;0.001&lt;/ZTolerance&gt;&lt;MTolerance&gt;0.001&lt;/MTolerance&gt;&lt;HighPrecision&gt;true&lt;/HighPrecision&gt;&lt;LeftLongitude&gt;-180&lt;/LeftLongitude&gt;&lt;WKID&gt;4326&lt;/WKID&gt;&lt;LatestWKID&gt;4326&lt;/LatestWKID&gt;&lt;/GeographicCoordinateSystem&gt;</peXml></coordRef></DataProperties><SyncDate>20180126</SyncDate><SyncTime>04175600</SyncTime><ModDate>20180126</ModDate><ModTime>04175600</ModTime></Esri><dataIdInfo><envirDesc Sync="TRUE"> Version 6.2 (Build 9200) ; Esri ArcGIS 10.5.0.6491</envirDesc><dataLang><languageCode value="eng" Sync="TRUE"></languageCode><countryCode value="USA" Sync="TRUE"></countryCode></dataLang><idCitation><resTitle Sync="TRUE">Intendencia_Dissolve_1800</resTitle><presForm><PresFormCd value="005" Sync="TRUE"></PresFormCd></presForm></idCitation><spatRpType><SpatRepTypCd value="001" Sync="TRUE"></SpatRepTypCd></spatRpType></dataIdInfo><mdLang><languageCode value="eng" Sync="TRUE"></languageCode><countryCode value="USA" Sync="TRUE"></countryCode></mdLang><distInfo><distFormat><formatName Sync="TRUE">Shapefile</formatName></distFormat><distTranOps><transSize Sync="TRUE">0.000</transSize></distTranOps></distInfo><mdHrLv><ScopeCd value="005" Sync="TRUE"></ScopeCd></mdHrLv><mdHrLvName Sync="TRUE">dataset</mdHrLvName><refSysInfo><RefSystem><refSysID><identCode code="4326" Sync="TRUE"></identCode><idCodeSpace Sync="TRUE">EPSG</idCodeSpace><idVersion Sync="TRUE">6.14(3.0.1)</idVersion></refSysID></RefSystem></refSysInfo><spatRepInfo><VectSpatRep><geometObjs Name="Intendencia_Dissolve_1800"><geoObjTyp><GeoObjTypCd value="002" Sync="TRUE"></GeoObjTypCd></geoObjTyp><geoObjCnt Sync="TRUE">0</geoObjCnt></geometObjs><topLvl><TopoLevCd value="001" Sync="TRUE"></TopoLevCd></topLvl></VectSpatRep></spatRepInfo><spdoinfo><ptvctinf><esriterm Name="Intendencia_Dissolve_1800"><efeatyp Sync="TRUE">Simple</efeatyp><efeageom code="4" Sync="TRUE"></efeageom><esritopo Sync="TRUE">FALSE</esritopo><efeacnt Sync="TRUE">0</efeacnt><spindex Sync="TRUE">FALSE</spindex><linrefer Sync="TRUE">FALSE</linrefer></esriterm></ptvctinf></spdoinfo><eainfo><detailed Name="Intendencia_Dissolve_1800"><enttyp><enttypl Sync="TRUE">Intendencia_Dissolve_1800</enttypl><enttypt Sync="TRUE">Feature Class</enttypt><enttypc Sync="TRUE">0</enttypc></enttyp><attr><attrlabl Sync="TRUE">FID</attrlabl><attalias Sync="TRUE">FID</attalias><attrtype Sync="TRUE">OID</attrtype><attwidth Sync="TRUE">4</attwidth><atprecis Sync="TRUE">0</atprecis><attscale Sync="TRUE">0</attscale><attrdef Sync="TRUE">Internal feature number.</attrdef><attrdefs Sync="TRUE">Esri</attrdefs><attrdomv><udom Sync="TRUE">Sequential unique whole numbers that are automatically generated.</udom></attrdomv></attr><attr><attrlabl Sync="TRUE">Shape</attrlabl><attalias Sync="TRUE">Shape</attalias><attrtype Sync="TRUE">Geometry</attrtype><attwidth Sync="TRUE">0</attwidth><atprecis Sync="TRUE">0</atprecis><attscale Sync="TRUE">0</attscale><attrdef Sync="TRUE">Feature geometry.</attrdef><attrdefs Sync="TRUE">Esri</attrdefs><attrdomv><udom Sync="TRUE">Coordinates defining the features.</udom></attrdomv></attr><attr><attrlabl Sync="TRUE">Tipo</attrlabl><attalias Sync="TRUE">Tipo</attalias><attrtype Sync="TRUE">String</attrtype><attwidth Sync="TRUE">254</attwidth><atprecis Sync="TRUE">0</atprecis><attscale Sync="TRUE">0</attscale></attr><attr><attrlabl Sync="TRUE">Label</attrlabl><attalias Sync="TRUE">Label</attalias><attrtype Sync="TRUE">String</attrtype><attwidth Sync="TRUE">254</attwidth><atprecis Sync="TRUE">0</atprecis><attscale Sync="TRUE">0</attscale></attr><attr><attrlabl Sync="TRUE">Nombre</attrlabl><attalias Sync="TRUE">Nombre</attalias><attrtype Sync="TRUE">String</attrtype><attwidth Sync="TRUE">254</attwidth><atprecis Sync="TRUE">0</atprecis><attscale Sync="TRUE">0</attscale></attr><attr><attrlabl Sync="TRUE">Variantes</attrlabl><attalias Sync="TRUE">Variantes</attalias><attrtype Sync="TRUE">String</attrtype><attwidth Sync="TRUE">254</attwidth><atprecis Sync="TRUE">0</atprecis><attscale Sync="TRUE">0</attscale></attr><attr><attrlabl Sync="TRUE">Entidad_ID</attrlabl><attalias Sync="TRUE">Entidad_ID</attalias><attrtype Sync="TRUE">String</attrtype><attwidth Sync="TRUE">254</attwidth><atprecis Sync="TRUE">0</atprecis><attscale Sync="TRUE">0</attscale></attr><attr><attrlabl Sync="TRUE">Cabecera</attrlabl><attalias Sync="TRUE">Cabecera</attalias><attrtype Sync="TRUE">String</attrtype><attwidth Sync="TRUE">254</attwidth><atprecis Sync="TRUE">0</atprecis><attscale Sync="TRUE">0</attscale></attr><attr><attrlabl Sync="TRUE">GZ_ID</attrlabl><attalias Sync="TRUE">GZ_ID</attalias><attrtype Sync="TRUE">Integer</attrtype><attwidth Sync="TRUE">10</attwidth><atprecis Sync="TRUE">10</atprecis><attscale Sync="TRUE">0</attscale></attr><attr><attrlabl Sync="TRUE">Nivel</attrlabl><attalias Sync="TRUE">Nivel</attalias><attrtype Sync="TRUE">String</attrtype><attwidth Sync="TRUE">254</attwidth><atprecis Sync="TRUE">0</atprecis><attscale Sync="TRUE">0</attscale></attr><attr><attrlabl Sync="TRUE">AbrA</attrlabl><attalias Sync="TRUE">AbrA</attalias><attrtype Sync="TRUE">String</attrtype><attwidth Sync="TRUE">254</attwidth><atprecis Sync="TRUE">0</atprecis><attscale Sync="TRUE">0</attscale></attr><attr><attrlabl Sync="TRUE">AbrB</attrlabl><attalias Sync="TRUE">AbrB</attalias><attrtype Sync="TRUE">String</attrtype><attwidth Sync="TRUE">254</attwidth><atprecis Sync="TRUE">0</atprecis><attscale Sync="TRUE">0</attscale></attr><attr><attrlabl Sync="TRUE">Niv_Ent_id</attrlabl><attalias Sync="TRUE">Niv_Ent_id</attalias><attrtype Sync="TRUE">String</attrtype><attwidth Sync="TRUE">254</attwidth><atprecis Sync="TRUE">0</atprecis><attscale Sync="TRUE">0</attscale></attr><attr><attrlabl Sync="TRUE">Wikilink</attrlabl><attalias Sync="TRUE">Wikilink</attalias><attrtype Sync="TRUE">String</attrtype><attwidth Sync="TRUE">254</attwidth><atprecis Sync="TRUE">0</atprecis><attscale Sync="TRUE">0</attscale></attr><attr><attrlabl Sync="TRUE">Wikilink_t</attrlabl><attalias Sync="TRUE">Wikilink_t</attalias><attrtype Sync="TRUE">String</attrtype><attwidth Sync="TRUE">254</attwidth><atprecis Sync="TRUE">0</atprecis><attscale Sync="TRUE">0</attscale></attr><attr><attrlabl Sync="TRUE">Wikilink_i</attrlabl><attalias Sync="TRUE">Wikilink_i</attalias><attrtype Sync="TRUE">String</attrtype><attwidth Sync="TRUE">254</attwidth><atprecis Sync="TRUE">0</atprecis><attscale Sync="TRUE">0</attscale></attr><attr><attrlabl Sync="TRUE">year</attrlabl><attalias Sync="TRUE">year</attalias><attrtype Sync="TRUE">Integer</attrtype><attwidth Sync="TRUE">10</attwidth><atprecis Sync="TRUE">10</atprecis><attscale Sync="TRUE">0</attscale></attr><attr><attrlabl Sync="TRUE">Shape_Leng</attrlabl><attalias Sync="TRUE">Shape_Leng</attalias><attrtype Sync="TRUE">Double</attrtype><attwidth Sync="TRUE">19</attwidth><atprecis Sync="TRUE">0</atprecis><attscale Sync="TRUE">0</attscale></attr><attr><attrlabl Sync="TRUE">Shape_Area</attrlabl><attalias Sync="TRUE">Shape_Area</attalias><attrtype Sync="TRUE">Double</attrtype><attwidth Sync="TRUE">19</attwidth><atprecis Sync="TRUE">0</atprecis><attscale Sync="TRUE">0</attscale><attrdef Sync="TRUE">Area of feature in internal units squared.</attrdef><attrdefs Sync="TRUE">Esri</attrdefs><attrdomv><udom Sync="TRUE">Positive real numbers that are automatically generated.</udom></attrdomv></attr></detailed></eainfo><mdDateSt Sync="TRUE">20180126</mdDateSt></metadata>
